,Country (or dependent territory),1990,1991,1992,1993,1994,1995,1996,1997,1998,1999,2000,2001,2002,2003,2004,2005,2006,2007,2008,2009,2010,2011,2012,2013,2014,2015,2016,2017,2018,2019
0,Afghanistan,,,,,,,,,,,,,4367.0,4514.0,5146.0,6167.0,6925.0,8556.0,10297.0,12066.0,15325.0,17890.0,20296.0,20170.0,20352.0,19687.0,19454.0,20235.0,19585.0,19990.0
1,Albania,2221.0,1333.0,843.0,1461.0,2361.0,2882.0,3200.0,2259.0,2560.0,3209.0,3483.0,3928.0,4348.0,5611.0,7185.0,8052.0,8905.0,10675.0,12901.0,12093.0,11938.0,12896.0,12323.0,12784.0,13238.0,11393.0,11865.0,13055.0,15202.0,15960.0
2,Algeria,61892.0,46670.0,49217.0,50963.0,42426.0,42066.0,46941.0,48178.0,48188.0,48845.0,54749.0,54745.0,56761.0,67864.0,85327.0,103198.0,117027.0,134977.0,171001.0,137054.0,161207.0,199394.0,209005.0,209703.0,213518.0,164779.0,159049.0,167555.0,180441.0,183687.0
3,Angola,11236.0,10891.0,8398.0,6095.0,4438.0,5539.0,6535.0,7675.0,6506.0,6153.0,9130.0,8936.0,12497.0,14189.0,19641.0,28234.0,41789.0,60449.0,84178.0,75492.0,82471.0,104116.0,115342.0,124912.0,126777.0,102962.0,95337.0,122124.0,107316.0,92191.0
4,Antigua and Barbuda,459.0,482.0,499.0,535.0,589.0,577.0,634.0,681.0,728.0,766.0,825.0,796.0,810.0,850.0,912.0,1013.0,1147.0,1299.0,1358.0,1216.0,1146.0,1140.0,1214.0,1194.0,1273.0,1353.0,1460.0,1516.0,1626.0,1717.0
5,Argentina,153205.0,205515.0,247987.0,256365.0,279150.0,280080.0,295120.0,317549.0,324242.0,307673.0,308491.0,291738.0,108731.0,138151.0,164922.0,199273.0,232892.0,287920.0,363545.0,334633.0,424728.0,527644.0,579666.0,611471.0,563614.0,631621.0,554107.0,642928.0,518092.0,477743.0
6,Armenia,,,108.0,835.0,648.0,1287.0,1597.0,1639.0,1892.0,1845.0,1912.0,2118.0,2376.0,2807.0,3577.0,4900.0,6384.0,9206.0,11662.0,8648.0,9260.0,10142.0,10619.0,11121.0,11610.0,10529.0,10572.0,11537.0,12411.0,13105.0
7,Australia,323921.0,324597.0,318146.0,309639.0,353222.0,379770.0,425593.0,426674.0,381088.0,411828.0,399297.0,376908.0,424521.0,540428.0,657442.0,734786.0,781934.0,949164.0,1057171.0,997169.0,1249703.0,1504236.0,1561052.0,1509639.0,1449336.0,1229938.0,1264944.0,1386357.0,1418275.0,1417003.0
8,Austria,166493.0,174045.0,195069.0,189958.0,203514.0,240747.0,236828.0,212610.0,217994.0,217010.0,196998.0,197123.0,213725.0,261220.0,300264.0,315188.0,334603.0,386995.0,429638.0,398602.0,390940.0,429431.0,407677.0,428382.0,439073.0,377157.0,390961.0,417672.0,457637.0,459589.0
9,Azerbaijan,,,1193.0,1309.0,2258.0,2417.0,3177.0,3963.0,4280.0,4581.0,5273.0,5475.0,6232.0,7276.0,8682.0,13273.0,21027.0,33090.0,46378.0,44289.0,52913.0,64819.0,68700.0,73557.0,75194.0,50818.0,37810.0,41256.0,45418.0,45248.0
10,Bahamas,5218.0,5128.0,5125.0,5097.0,5372.0,5653.0,5950.0,6332.0,6833.0,7684.0,8076.0,8318.0,8881.0,8870.0,9055.0,9836.0,10167.0,10618.0,10526.0,9982.0,10096.0,10070.0,10720.0,10677.0,10844.0,11240.0,11262.0,12162.0,12803.0,13262.0
11,Bahrain,4964.0,5207.0,5441.0,5985.0,6410.0,6785.0,7055.0,7316.0,6994.0,7581.0,9061.0,9187.0,9591.0,11072.0,13147.0,15965.0,18501.0,21725.0,25705.0,22933.0,25708.0,28770.0,30743.0,32532.0,33381.0,31119.0,32176.0,35433.0,38291.0,38952.0
12,Bangladesh,35383.0,36468.0,36476.0,38234.0,41538.0,45921.0,48168.0,50340.0,51928.0,53984.0,54586.0,54755.0,57500.0,63204.0,68593.0,70921.0,75770.0,85604.0,97062.0,108896.0,122039.0,131079.0,141705.0,161297.0,183966.0,208695.0,235623.0,262077.0,287630.0,314656.0
13,Barbados,2024.0,2032.0,1957.0,2075.0,2163.0,2275.0,2425.0,2564.0,2891.0,3029.0,3122.0,3117.0,3170.0,3275.0,3514.0,3897.0,4303.0,4546.0,4595.0,4601.0,4447.0,4359.0,4332.0,4371.0,4353.0,4422.0,4764.0,4990.0,5145.0,5207.0
14,Belarus,,,12806.0,11414.0,15113.0,10529.0,14433.0,14008.0,15141.0,12100.0,13284.0,12870.0,15186.0,18543.0,23986.0,31318.0,38318.0,46937.0,62967.0,50994.0,57220.0,61368.0,65669.0,75496.0,78736.0,56329.0,47703.0,54723.0,59643.0,60951.0
15,Belgium,201235.0,206535.0,230030.0,219932.0,239931.0,289904.0,281467.0,255170.0,260971.0,260544.0,238603.0,238046.0,259777.0,319613.0,371388.0,388029.0,410173.0,472475.0,521084.0,485781.0,484450.0,527491.0,498160.0,520254.0,532607.0,455219.0,468148.0,495757.0,533153.0,531813.0
16,Belize,412.0,445.0,518.0,560.0,581.0,620.0,641.0,654.0,689.0,732.0,832.0,872.0,933.0,990.0,1058.0,1114.0,1217.0,1291.0,1370.0,1339.0,1398.0,1487.0,1574.0,1614.0,1707.0,1743.0,1820.0,1863.0,1925.0,1997.0
17,Benin,1960.0,1987.0,2246.0,2274.0,1598.0,2169.0,2361.0,2268.0,2455.0,2690.0,2577.0,2682.0,3065.0,3913.0,4527.0,4812.0,5147.0,5977.0,7166.0,7116.0,6983.0,7821.0,8157.0,9160.0,9723.0,8295.0,8576.0,9265.0,10456.0,11184.0
18,Bhutan,281.0,244.0,238.0,249.0,253.0,296.0,311.0,348.0,382.0,401.0,436.0,455.0,504.0,575.0,670.0,762.0,858.0,1020.0,1291.0,1214.0,1433.0,1737.0,1814.0,1849.0,1830.0,2027.0,2127.0,2405.0,2627.0,2840.0
19,Bolivia,4868.0,5343.0,5643.0,5734.0,5970.0,6702.0,7375.0,7917.0,8490.0,8269.0,8385.0,8155.0,7917.0,8092.0,8785.0,9573.0,11520.0,13216.0,16792.0,17464.0,19786.0,24135.0,27282.0,30883.0,33237.0,33238.0,34053.0,38058.0,41410.0,43687.0
20,Bosnia and Herzegovina,,,,,,,3584.0,4578.0,5281.0,5766.0,5554.0,5784.0,6711.0,8477.0,10157.0,10935.0,12460.0,15323.0,18712.0,17601.0,17164.0,18629.0,17207.0,18155.0,18522.0,16251.0,16917.0,18169.0,19881.0,20152.0
21,Botswana,3803.0,3806.0,3932.0,3961.0,4261.0,4732.0,4881.0,5024.0,4819.0,5485.0,5804.0,5516.0,5456.0,7538.0,8969.0,10027.0,10165.0,10942.0,11028.0,10317.0,13755.0,15334.0,14701.0,14814.0,16259.0,14435.0,15660.0,17383.0,18998.0,19651.0
22,Brazil,475119.0,416596.0,399082.0,447832.0,558374.0,786479.0,850800.0,883534.0,864017.0,599438.0,655454.0,559982.0,509798.0,558232.0,669290.0,891633.0,1107628.0,1397114.0,1695855.0,1669204.0,2208704.0,2614027.0,2464053.0,2471718.0,2456054.0,1801482.0,1793066.0,2053208.0,1868184.0,1960190.0
23,Brunei,3908.0,4109.0,4646.0,4558.0,4537.0,5255.0,5679.0,5769.0,4496.0,5106.0,6662.0,6218.0,6487.0,7279.0,8739.0,10581.0,12736.0,13576.0,16005.0,11892.0,13707.0,18525.0,19047.0,18092.0,17098.0,12931.0,11399.0,12128.0,14082.0,13325.0
24,Bulgaria,19768.0,1937.0,7861.0,4266.0,7500.0,12564.0,9491.0,10024.0,13227.0,13501.0,13153.0,14076.0,16277.0,20984.0,25958.0,29636.0,34131.0,44410.0,54408.0,51885.0,50611.0,57420.0,53901.0,55760.0,56732.0,50199.0,53236.0,58335.0,64963.0,67044.0
25,Burkina Faso,3101.0,3135.0,3357.0,3200.0,1924.0,2380.0,2587.0,2448.0,2805.0,3013.0,2633.0,2836.0,3218.0,4212.0,4843.0,5474.0,5820.0,6781.0,8409.0,8391.0,9123.0,10734.0,11172.0,11938.0,12329.0,11105.0,11310.0,12349.0,14180.0,14882.0
26,Burundi,1131.0,1167.0,1082.0,938.0,924.0,1000.0,868.0,972.0,893.0,866.0,870.0,877.0,825.0,785.0,915.0,1117.0,1273.0,1356.0,1612.0,1775.0,2032.0,2236.0,2333.0,2575.0,2934.0,3002.0,3138.0,3396.0,3436.0,3573.0
27,Cape Verde,339.0,353.0,395.0,398.0,448.0,536.0,553.0,540.0,575.0,652.0,589.0,616.0,679.0,891.0,1023.0,1090.0,1237.0,1514.0,1789.0,1712.0,,,,,,,,,,
28,Cambodia,899.0,2011.0,2439.0,2427.0,2765.0,3441.0,3507.0,3443.0,3130.0,3513.0,3667.0,3992.0,4289.0,4665.0,5334.0,6287.0,7268.0,8630.0,10342.0,10391.0,11232.0,12818.0,14057.0,15244.0,16778.0,17789.0,20157.0,22225.0,24523.0,26979.0
29,Cameroon,12692.0,14152.0,12970.0,13532.0,9207.0,8733.0,9732.0,9841.0,9828.0,10015.0,9027.0,9638.0,10888.0,13630.0,15784.0,16617.0,17970.0,20461.0,23432.0,23442.0,23667.0,26612.0,26487.0,29576.0,32101.0,28431.0,32230.0,34993.0,38521.0,39219.0
30,Canada,593962.0,610322.0,592401.0,577200.0,578138.0,604034.0,628569.0,652834.0,631852.0,676005.0,742319.0,736425.0,757981.0,892498.0,1023170.0,1169467.0,1315515.0,1464978.0,1549073.0,1371152.0,1613463.0,1788647.0,1824289.0,1842627.0,1792883.0,1552808.0,1535768.0,1650187.0,1711387.0,1739110.0
31,Central African Republic,1572.0,1498.0,1494.0,1309.0,858.0,1117.0,1000.0,979.0,1036.0,1039.0,885.0,897.0,963.0,1110.0,1257.0,1337.0,1461.0,1698.0,1985.0,1982.0,1986.0,2196.0,2171.0,1519.0,1706.0,1593.0,1756.0,1937.0,2185.0,2285.0
32,Chad,1826.0,1809.0,1886.0,1648.0,1335.0,1636.0,1819.0,1748.0,1975.0,1739.0,1572.0,1936.0,2257.0,3102.0,5003.0,6681.0,7451.0,8687.0,10438.0,9312.0,10702.0,12181.0,12411.0,12994.0,14003.0,10952.0,10091.0,9892.0,10919.0,11372.0
33,Chile,32998.0,37981.0,46271.0,49506.0,57114.0,73600.0,78025.0,84924.0,81590.0,75121.0,77825.0,70968.0,69729.0,75644.0,99236.0,122958.0,154782.0,173471.0,179510.0,172512.0,218272.0,252072.0,267026.0,278340.0,260954.0,242537.0,250008.0,277668.0,298172.0,295614.0
34,China,398623.0,415604.0,495671.0,623054.0,566471.0,736870.0,867224.0,965320.0,1032576.0,1097133.0,1214912.0,1344097.0,1477483.0,1671072.0,1966223.0,2308786.0,2774308.0,3571451.0,4604285.0,5121681.0,6066351.0,7522103.0,8570348.0,9635025.0,10534526.0,11226186.0,11221836.0,12062281.0,13407398.0,14216503.0
35,Colombia,56412.0,58308.0,68997.0,78195.0,98260.0,111237.0,116838.0,128267.0,118442.0,103761.0,99875.0,98201.0,97946.0,94645.0,117092.0,146547.0,162766.0,207465.0,244302.0,233893.0,286954.0,335437.0,369430.0,380170.0,378323.0,291530.0,279987.0,311796.0,333114.0,336599.0
36,Comoros,250.0,260.0,281.0,278.0,186.0,232.0,231.0,212.0,216.0,223.0,202.0,220.0,252.0,325.0,363.0,388.0,404.0,466.0,533.0,537.0,544.0,611.0,596.0,658.0,684.0,589.0,615.0,649.0,742.0,726.0
37,Democratic Republic of the Congo,41448.0,40250.0,36333.0,47450.0,25746.0,25021.0,32099.0,28819.0,21089.0,19147.0,19077.0,8173.0,8719.0,8954.0,10341.0,11951.0,14296.0,16364.0,19129.0,18315.0,20641.0,24575.0,27566.0,32676.0,35918.0,38496.0,39324.0,41447.0,42644.0,48458.0
38,Republic of the Congo,2799.0,2725.0,2933.0,2684.0,1769.0,2116.0,2540.0,2323.0,1949.0,2357.0,3220.0,2794.0,3020.0,3503.0,4655.0,6098.0,7738.0,7446.0,10224.0,9363.0,12304.0,14811.0,13664.0,14026.0,14099.0,8554.0,7787.0,8992.0,11188.0,11162.0
39,Costa Rica,5716.0,7238.0,8578.0,9586.0,10473.0,11545.0,11640.0,12568.0,13634.0,14211.0,14965.0,15930.0,16525.0,17220.0,18562.0,19994.0,22659.0,26856.0,30844.0,30826.0,37634.0,42717.0,46984.0,50326.0,51260.0,55475.0,57810.0,58654.0,59006.0,60459.0
40,Ivory Coast,10822.0,10530.0,11178.0,11056.0,8329.0,11007.0,12139.0,11735.0,12627.0,12393.0,10748.0,11202.0,12390.0,15336.0,16576.0,17115.0,17817.0,20373.0,24339.0,24341.0,24931.0,25693.0,26797.0,31281.0,35373.0,32764.0,36375.0,38130.0,43032.0,45252.0
41,Croatia,,,12247.0,12968.0,17349.0,22388.0,23601.0,23974.0,25346.0,23374.0,21774.0,23289.0,26878.0,34659.0,41574.0,45416.0,50436.0,60081.0,70452.0,62636.0,59665.0,62237.0,56486.0,57770.0,57080.0,48676.0,51350.0,55201.0,60688.0,61252.0
42,Cyprus,6003.0,6195.0,7424.0,7098.0,8004.0,9937.0,10016.0,9545.0,10256.0,10502.0,9988.0,10396.0,11421.0,14552.0,17328.0,18713.0,20422.0,24083.0,27972.0,26009.0,25608.0,27454.0,25026.0,24064.0,23345.0,19570.0,20055.0,22186.0,24492.0,24638.0
43,Czech Republic,,,,,,59519.0,66797.0,61602.0,66347.0,64719.0,61474.0,67376.0,81684.0,99322.0,118971.0,135990.0,155213.0,188614.0,235513.0,205852.0,207016.0,227948.0,207376.0,209402.0,207818.0,186830.0,195305.0,215914.0,242052.0,246161.0
44,Denmark,138258.0,139265.0,152961.0,143210.0,156181.0,185042.0,187644.0,173558.0,177005.0,177961.0,164188.0,164820.0,178648.0,218139.0,251370.0,264489.0,282895.0,319424.0,353359.0,321243.0,321995.0,344003.0,327149.0,343584.0,352297.0,301308.0,306900.0,329866.0,350874.0,349524.0
45,Djibouti,,462.0,478.0,466.0,492.0,498.0,494.0,503.0,514.0,541.0,556.0,577.0,596.0,628.0,666.0,709.0,769.0,848.0,984.0,1015.0,1099.0,1239.0,1354.0,1455.0,1588.0,1727.0,1889.0,2029.0,2187.0,2392.0
46,Dominica,201.0,220.0,234.0,246.0,264.0,275.0,292.0,303.0,322.0,332.0,333.0,340.0,333.0,343.0,367.0,364.0,390.0,421.0,458.0,489.0,494.0,501.0,486.0,508.0,528.0,517.0,581.0,553.0,494.0,542.0
47,Dominican Republic,8544.0,10565.0,12328.0,13878.0,15501.0,17537.0,19399.0,20954.0,22650.0,23213.0,25665.0,26638.0,28302.0,22585.0,23411.0,36183.0,38337.0,44067.0,48206.0,48319.0,53893.0,58023.0,60703.0,62061.0,65322.0,68197.0,71673.0,76091.0,80940.0,84837.0
48,Ecuador,12236.0,13730.0,15012.0,17537.0,21147.0,22968.0,24035.0,27009.0,27474.0,19740.0,18319.0,24468.0,28549.0,32433.0,36592.0,41507.0,46802.0,51008.0,61763.0,62520.0,69555.0,79277.0,87925.0,95130.0,102292.0,100177.0,98614.0,104296.0,107511.0,106289.0
49,Egypt,96087.0,48431.0,44168.0,49526.0,54550.0,63260.0,71114.0,79770.0,89188.0,95039.0,104752.0,102273.0,90261.0,85163.0,82855.0,94127.0,112902.0,137055.0,170797.0,198316.0,230024.0,247726.0,278769.0,288007.0,305567.0,332075.0,332484.0,236528.0,249559.0,299589.0
50,El Salvador,4801.0,5311.0,5955.0,6938.0,8086.0,9501.0,10316.0,11135.0,12008.0,12465.0,13134.0,13813.0,14307.0,15047.0,15798.0,17094.0,18551.0,20105.0,21431.0,20661.0,21418.0,23139.0,23814.0,24351.0,25054.0,25850.0,26798.0,24928.0,26057.0,26989.0
51,Equatorial Guinea,147.0,145.0,177.0,178.0,132.0,186.0,305.0,580.0,486.0,814.0,1371.0,1915.0,2368.0,3256.0,5781.0,9064.0,10087.0,13072.0,19750.0,15028.0,16299.0,21329.0,22390.0,21943.0,21504.0,13819.0,10178.0,12287.0,13734.0,12432.0
52,Eritrea,,,783.0,483.0,560.0,624.0,749.0,767.0,809.0,794.0,706.0,752.0,729.0,870.0,1109.0,1098.0,1211.0,1318.0,1380.0,1857.0,2117.0,2608.0,3092.0,3502.0,4052.0,4666.0,5005.0,5813.0,6721.0,7718.0
53,Estonia,,,,1739.0,2435.0,3797.0,4745.0,5072.0,5621.0,5741.0,5706.0,6260.0,7345.0,9852.0,12071.0,14024.0,16987.0,22265.0,24285.0,19712.0,19538.0,23191.0,23057.0,25089.0,26255.0,22472.0,23348.0,26665.0,30312.0,31026.0
54,Ethiopia,12595.0,13928.0,14696.0,9143.0,8135.0,8431.0,8826.0,8909.0,8078.0,7927.0,8235.0,8223.0,7851.0,8623.0,10142.0,12408.0,15283.0,19701.0,26839.0,32464.0,29917.0,31958.0,43134.0,47656.0,55512.0,64683.0,73151.0,75745.0,80279.0,90968.0
55,Fiji,1337.0,1384.0,1532.0,1635.0,1825.0,1970.0,2129.0,2094.0,1656.0,1942.0,1684.0,1660.0,1843.0,2316.0,2727.0,3007.0,3103.0,3405.0,3647.0,2971.0,3251.0,3775.0,3972.0,4190.0,4470.0,4391.0,4666.0,4891.0,5118.0,5324.0
56,Finland,141806.0,128279.0,113104.0,89323.0,103761.0,134350.0,132155.0,127005.0,134111.0,135403.0,125908.0,129361.0,140047.0,171398.0,197035.0,204786.0,216742.0,255739.0,285087.0,252137.0,248262.0,273925.0,256849.0,270065.0,273042.0,232556.0,238776.0,252809.0,275321.0,276572.0
57,France,1278666.0,1280302.0,1412100.0,1331659.0,1404479.0,1611198.0,1614708.0,1462606.0,1512957.0,1502245.0,1372452.0,1383406.0,1505649.0,1851660.0,2126995.0,2207450.0,2327052.0,2666805.0,2937321.0,2700658.0,2651772.0,2865304.0,2682901.0,2809390.0,2843673.0,2434787.0,2466472.0,2587682.0,2775252.0,2761633.0
58,Gabon,6339.0,5754.0,5955.0,5757.0,4463.0,5281.0,6064.0,5673.0,4774.0,4966.0,5397.0,5019.0,5310.0,6497.0,7756.0,9459.0,10154.0,12439.0,15509.0,12152.0,14359.0,18203.0,17181.0,17596.0,18209.0,14370.0,14020.0,14922.0,17033.0,16709.0
59,Gambia,751.0,793.0,855.0,916.0,907.0,948.0,989.0,1025.0,1052.0,1080.0,1052.0,1045.0,924.0,879.0,1003.0,1078.0,1071.0,1274.0,1613.0,1488.0,1630.0,1398.0,1423.0,1367.0,1259.0,1370.0,1445.0,1483.0,1617.0,1741.0
60,Georgia,,,,,827.0,1907.0,3063.0,3511.0,3607.0,2805.0,3057.0,3218.0,3396.0,3991.0,5126.0,6411.0,7745.0,10173.0,12795.0,10767.0,11638.0,14435.0,15847.0,16141.0,16515.0,13996.0,14330.0,15080.0,16324.0,17214.0
61,Germany,1592710.0,1869104.0,2128558.0,2069766.0,2211022.0,2594371.0,2504671.0,2221738.0,2246445.0,2202845.0,1955673.0,1952325.0,2086496.0,2510528.0,2823071.0,2866308.0,3005081.0,3444723.0,3770150.0,3426672.0,3423466.0,3761142.0,3545946.0,3753687.0,3885440.0,3377310.0,3479232.0,3700613.0,4000386.0,3963880.0
62,Ghana,14898.0,16673.0,16484.0,13383.0,12303.0,14544.0,15458.0,15786.0,17153.0,17756.0,11467.0,12227.0,14200.0,17494.0,20243.0,24521.0,28785.0,33941.0,38413.0,34254.0,43043.0,53645.0,56504.0,63279.0,53173.0,48595.0,54989.0,58978.0,65191.0,68258.0
63,Greece,97979.0,105642.0,116624.0,109010.0,116539.0,136968.0,145875.0,143343.0,144645.0,149040.0,132197.0,136308.0,154376.0,202311.0,240848.0,248207.0,273558.0,318940.0,356140.0,330837.0,299919.0,288062.0,245807.0,239937.0,236455.0,194958.0,192770.0,203493.0,219097.0,219752.0
64,Grenada,278.0,301.0,310.0,310.0,325.0,342.0,367.0,392.0,446.0,482.0,520.0,520.0,540.0,591.0,599.0,695.0,699.0,759.0,826.0,771.0,771.0,779.0,800.0,843.0,912.0,984.0,1056.0,1127.0,1196.0,1272.0
65,Guatemala,7106.0,8687.0,9625.0,10462.0,11855.0,13314.0,14218.0,16103.0,17488.0,16492.0,17187.0,18703.0,20777.0,21918.0,23965.0,27211.0,30231.0,34113.0,39137.0,37734.0,41338.0,47655.0,50388.0,53851.0,58722.0,63794.0,68763.0,75620.0,78979.0,82335.0
66,Guinea,2666.0,3015.0,3284.0,3279.0,3383.0,3693.0,3868.0,3783.0,3588.0,3461.0,2995.0,2829.0,2950.0,3446.0,3666.0,2937.0,2903.0,4157.0,4517.0,4635.0,4739.0,4475.0,5604.0,6119.0,6685.0,6738.0,8476.0,10401.0,11739.0,12623.0
67,Guinea-Bissau,323.0,457.0,489.0,381.0,435.0,460.0,438.0,416.0,376.0,406.0,364.0,380.0,410.0,477.0,532.0,588.0,592.0,697.0,869.0,829.0,851.0,1099.0,990.0,1046.0,1055.0,1041.0,1165.0,1350.0,1459.0,1538.0
68,Guyana,652.0,735.0,602.0,721.0,874.0,993.0,1116.0,1188.0,1114.0,1147.0,1123.0,1127.0,1160.0,1197.0,1260.0,1311.0,1455.0,1741.0,1916.0,2023.0,2262.0,2582.0,2854.0,2990.0,3078.0,3183.0,3504.0,3561.0,3636.0,3830.0
69,Haiti,990.0,888.0,533.0,610.0,1775.0,2813.0,2908.0,3339.0,3724.0,4154.0,3954.0,3596.0,3472.0,2960.0,3538.0,4310.0,4756.0,5885.0,6550.0,6584.0,6620.0,7516.0,7890.0,8451.0,8774.0,8672.0,8178.0,8608.0,9525.0,9602.0
70,Honduras,4169.0,4195.0,4675.0,4794.0,4693.0,5415.0,5217.0,5736.0,6366.0,6417.0,7104.0,7566.0,7775.0,8140.0,8772.0,9672.0,10842.0,12275.0,13790.0,14486.0,15730.0,17649.0,18464.0,18436.0,19688.0,20729.0,21644.0,23101.0,23778.0,24651.0
71,Hong Kong,76930.0,88960.0,104272.0,120355.0,135813.0,144652.0,159719.0,177356.0,168885.0,165770.0,171669.0,169407.0,166350.0,161384.0,169097.0,181570.0,193534.0,211599.0,219280.0,214046.0,228637.0,248514.0,262627.0,275697.0,291463.0,309406.0,320881.0,341659.0,363031.0,381720.0
72,Hungary,34264.0,34651.0,38616.0,40007.0,43023.0,46301.0,46538.0,47178.0,48662.0,49075.0,47209.0,53697.0,67561.0,85050.0,103695.0,112589.0,114801.0,139198.0,157291.0,129965.0,130258.0,140099.0,127321.0,134680.0,139295.0,121660.0,129144.0,139761.0,155703.0,168778.0
73,Iceland,6544.0,6993.0,7153.0,6271.0,6437.0,7173.0,7519.0,7596.0,8468.0,8931.0,8946.0,8144.0,9200.0,11304.0,13709.0,16691.0,17043.0,21295.0,17640.0,12887.0,13255.0,14675.0,14219.0,15479.0,17179.0,16784.0,20304.0,24493.0,25882.0,24544.0
74,India,326608.0,274842.0,293262.0,284194.0,333014.0,366600.0,399791.0,423189.0,428767.0,466841.0,476636.0,493934.0,523768.0,618369.0,721589.0,834218.0,949118.0,1238700.0,1224096.0,1365373.0,1708460.0,1822992.0,1828120.0,1857237.0,2033652.0,2089867.0,2273556.0,2652245.0,2716746.0,2971996.0
75,Indonesia,138258.0,154558.0,168280.0,190913.0,213727.0,244227.0,274722.0,260680.0,115323.0,169158.0,179482.0,174507.0,212807.0,255428.0,279556.0,310815.0,396293.0,470144.0,558582.0,577539.0,755256.0,892590.0,919002.0,916646.0,891051.0,861143.0,932445.0,1015292.0,1022454.0,1100911.0
76,Iran,569585.0,295443.0,48887.0,63625.0,79847.0,112783.0,154126.0,180421.0,201452.0,270641.0,357875.0,325377.0,128527.0,151743.0,181283.0,218207.0,257850.0,337654.0,390670.0,396694.0,463670.0,570039.0,382017.0,379436.0,414965.0,375404.0,404447.0,430709.0,452275.0,484663.0
77,Iraq,,,,,,,,,10469.0,18449.0,25857.0,18936.0,18970.0,15800.0,36642.0,50065.0,65144.0,88833.0,131614.0,111660.0,138517.0,185750.0,218032.0,234638.0,255534.0,179838.0,171716.0,193521.0,226070.0,225257.0
78,Ireland,48526.0,49638.0,56261.0,53745.0,59213.0,73175.0,80320.0,87780.0,97606.0,106754.0,99832.0,109103.0,127969.0,164285.0,193947.0,211698.0,232239.0,270056.0,274935.0,235714.0,221270.0,240483.0,225799.0,238991.0,255896.0,290241.0,304499.0,331597.0,372695.0,381571.0
79,Israel,58045.0,65844.0,73576.0,73948.0,84413.0,100279.0,109949.0,114714.0,115953.0,117195.0,142328.0,141638.0,132935.0,129682.0,149366.0,157463.0,169877.0,195743.0,234929.0,227319.0,255756.0,285373.0,303640.0,327318.0,354767.0,375094.0,351748.0,353268.0,369843.0,381569.0
80,Italy,1173063.0,1239527.0,1314814.0,1057442.0,1090596.0,1171510.0,1309315.0,1240577.0,1268032.0,1250203.0,1145109.0,1163316.0,1270994.0,1572653.0,1800756.0,1855834.0,1944339.0,2206109.0,2402062.0,2190700.0,2129021.0,2278376.0,2073971.0,2131157.0,2155153.0,1825820.0,1860152.0,1946888.0,2072201.0,2025866.0
81,Jamaica,4663.0,4285.0,4328.0,5516.0,5529.0,6543.0,7046.0,8076.0,8462.0,8496.0,8696.0,8835.0,9332.0,8994.0,9744.0,10761.0,11468.0,12359.0,13743.0,12107.0,13192.0,14409.0,14761.0,14203.0,13863.0,14218.0,14002.0,14773.0,15422.0,16152.0
82,Japan,3140669.0,3582802.0,3898138.0,4467123.0,4907582.0,5450805.0,4834019.0,4415715.0,4034448.0,4546050.0,4887301.0,4304758.0,4115197.0,4447378.0,4815772.0,4755980.0,4530475.0,4515264.0,5037910.0,5231384.0,5700099.0,6157460.0,6203213.0,5155716.0,4848733.0,4379868.0,4949272.0,4859951.0,4971929.0,5176205.0
83,Jordan,4161.0,4345.0,5369.0,5532.0,6197.0,6650.0,6928.0,7246.0,7912.0,8149.0,8461.0,8975.0,9582.0,10196.0,11411.0,12589.0,15057.0,17111.0,21963.0,23820.0,26425.0,28840.0,30981.0,33641.0,35878.0,37570.0,38709.0,40766.0,42371.0,44256.0
84,Kazakhstan,,,2875.0,5152.0,11648.0,16594.0,20893.0,22130.0,21624.0,16870.0,18292.0,22153.0,24637.0,30834.0,43152.0,57125.0,81003.0,104850.0,133441.0,115309.0,148047.0,192626.0,207999.0,236635.0,221416.0,184388.0,133668.0,162887.0,170539.0,164207.0
85,Kenya,12180.0,11501.0,11327.0,7869.0,9422.0,11944.0,13565.0,13742.0,15739.0,14353.0,14136.0,14536.0,14764.0,16796.0,18064.0,21001.0,25826.0,31958.0,35895.0,37022.0,40000.0,41672.0,50420.0,55129.0,61494.0,63624.0,70527.0,79212.0,89205.0,99246.0
86,Kiribati,43.0,47.0,48.0,47.0,55.0,56.0,67.0,67.0,66.0,69.0,68.0,63.0,72.0,91.0,103.0,112.0,109.0,131.0,142.0,132.0,154.0,177.0,188.0,188.0,186.0,160.0,182.0,186.0,189.0,187.0
87,South Korea,279215.0,325713.0,350078.0,386292.0,455645.0,556449.0,598063.0,557547.0,374140.0,485257.0,561595.0,533188.0,609017.0,680581.0,764892.0,898137.0,1012044.0,1122679.0,1002219.0,901935.0,1094499.0,1202464.0,1222807.0,1305605.0,1411334.0,1382764.0,1411042.0,1530751.0,1619424.0,1656674.0
88,Kosovo,,,,,,,,,,,2234.0,2535.0,2703.0,3355.0,3621.0,3741.0,3918.0,4743.0,5715.0,5668.0,5841.0,6699.0,6503.0,7075.0,7398.0,6444.0,6717.0,7242.0,7981.0,8126.0
89,Kuwait,18293.0,10826.0,19866.0,23996.0,24796.0,27189.0,31492.0,30350.0,25944.0,30123.0,37721.0,34886.0,38135.0,47844.0,59439.0,80807.0,101559.0,114677.0,147402.0,105992.0,115401.0,154020.0,174066.0,174179.0,162695.0,114079.0,110873.0,119533.0,141050.0,136940.0
90,Kyrgyzstan,,,917.0,665.0,1108.0,1493.0,1822.0,1767.0,1630.0,1242.0,1368.0,1525.0,1606.0,1920.0,2214.0,2459.0,2837.0,3807.0,5139.0,4690.0,4794.0,6198.0,6604.0,7335.0,7467.0,6678.0,6551.0,7703.0,8093.0,8334.0
91,Laos,1742.0,2053.0,2354.0,2652.0,3081.0,3579.0,3726.0,3515.0,1334.0,1415.0,1720.0,1757.0,1844.0,2259.0,2649.0,3049.0,3915.0,4757.0,5948.0,6431.0,7504.0,8963.0,10195.0,11974.0,13266.0,14363.0,15916.0,17069.0,18434.0,20153.0
92,Latvia,,,1694.0,2728.0,4532.0,5410.0,5970.0,6527.0,7178.0,7534.0,7948.0,8351.0,9553.0,11753.0,14377.0,16949.0,21466.0,30946.0,35763.0,26238.0,23809.0,28496.0,28141.0,30260.0,31402.0,27040.0,27584.0,30524.0,34881.0,35721.0
93,Lebanon,2838.0,4452.0,5546.0,7535.0,9110.0,11119.0,12997.0,15745.0,17289.0,17405.0,17248.0,17595.0,19091.0,19749.0,20957.0,21286.0,21797.0,24577.0,28833.0,35140.0,38010.0,40076.0,44100.0,47598.0,49874.0,50800.0,49611.0,53394.0,56409.0,58281.0
94,Lesotho,675.0,766.0,888.0,887.0,936.0,1052.0,995.0,1050.0,967.0,949.0,923.0,846.0,771.0,1146.0,1461.0,1627.0,1721.0,1939.0,1922.0,2007.0,2603.0,2937.0,2788.0,2635.0,2568.0,2364.0,2442.0,2733.0,2762.0,2811.0
95,Liberia,,,,,,,,,,,874.0,906.0,927.0,748.0,897.0,949.0,1119.0,1373.0,1726.0,1768.0,1998.0,2398.0,2721.0,3067.0,3144.0,3177.0,3278.0,3284.0,3249.0,3221.0
96,Libya,30644.0,33908.0,34358.0,30921.0,28796.0,32690.0,35683.0,36531.0,29960.0,35975.0,38271.0,34112.0,20471.0,26186.0,32996.0,47335.0,54963.0,67690.0,83651.0,56236.0,73397.0,38843.0,89242.0,62872.0,33819.0,29763.0,18539.0,30565.0,43587.0,44964.0
97,Lithuania,,,,,,6698.0,8385.0,10121.0,11241.0,10973.0,11539.0,12253.0,14275.0,18803.0,22647.0,26182.0,30235.0,39787.0,48125.0,37533.0,37200.0,43564.0,42887.0,46479.0,48661.0,41423.0,42791.0,47640.0,53323.0,54240.0
98,Luxembourg,12747.0,13815.0,15476.0,15864.0,17653.0,20768.0,20657.0,18603.0,19445.0,21285.0,21438.0,21070.0,23391.0,29263.0,34390.0,37041.0,41950.0,50393.0,55406.0,50515.0,53005.0,59631.0,56443.0,61563.0,65476.0,58077.0,58655.0,62441.0,68770.0,69634.0
99,Macau,,,,,,,,,,,,6811.0,7323.0,8195.0,10586.0,12092.0,14790.0,18341.0,20917.0,21475.0,28124.0,36708.0,43032.0,51552.0,55348.0,45415.0,45368.0,50559.0,54545.0,58055.0
100,North Macedonia,,,2443.0,2687.0,3561.0,4687.0,4642.0,3928.0,3764.0,3867.0,3774.0,3709.0,3991.0,4946.0,5684.0,6257.0,6860.0,8337.0,9912.0,9400.0,9415.0,10659.0,9751.0,10824.0,11378.0,10054.0,10759.0,11307.0,12669.0,12884.0
101,Madagascar,3081.0,2677.0,3001.0,3371.0,2977.0,3160.0,3995.0,3546.0,3738.0,3721.0,3878.0,4530.0,4397.0,5474.0,4364.0,5039.0,5516.0,7343.0,9413.0,8550.0,8730.0,9893.0,9920.0,10602.0,10674.0,9744.0,10001.0,11466.0,12093.0,12734.0
102,Malawi,2999.0,3821.0,3120.0,3591.0,2081.0,2423.0,3956.0,4619.0,3036.0,3080.0,3023.0,2967.0,3496.0,3211.0,3476.0,3656.0,3998.0,4431.0,5321.0,6195.0,6957.0,7984.0,5981.0,5432.0,6055.0,6407.0,5475.0,6226.0,6925.0,7436.0
103,Malaysia,46575.0,52765.0,63521.0,71837.0,79985.0,95395.0,108300.0,107570.0,77508.0,84996.0,100719.0,99639.0,108296.0,118344.0,133966.0,148245.0,168084.0,199960.0,238645.0,208914.0,255024.0,297961.0,314443.0,323276.0,338073.0,296434.0,296536.0,314708.0,354348.0,373447.0
104,Maldives,231.0,262.0,306.0,346.0,382.0,466.0,527.0,652.0,693.0,756.0,801.0,767.0,828.0,1043.0,1202.0,1120.0,1475.0,1746.0,2110.0,2149.0,2323.0,2321.0,2517.0,2787.0,3088.0,3192.0,4213.0,4858.0,5302.0,5749.0
105,Mali,3223.0,3285.0,3373.0,3362.0,2575.0,3337.0,3416.0,3208.0,3328.0,3444.0,2963.0,3468.0,3903.0,4713.0,5452.0,6256.0,6906.0,8157.0,9797.0,10207.0,10699.0,12990.0,12450.0,13250.0,14411.0,13107.0,14039.0,15366.0,17187.0,17833.0
106,Malta,,,,,,3367.0,3433.0,3476.0,3680.0,3836.0,4059.0,4067.0,4475.0,5423.0,6049.0,6402.0,6786.0,7944.0,9020.0,8550.0,8757.0,9509.0,9204.0,10135.0,11206.0,10293.0,11278.0,12754.0,14505.0,15134.0
107,Marshall Islands,,,,,,,,106.0,109.0,108.0,111.0,115.0,125.0,127.0,131.0,138.0,144.0,151.0,153.0,153.0,165.0,173.0,185.0,191.0,183.0,179.0,194.0,208.0,214.0,220.0
108,Mauritania,1213.0,1390.0,1464.0,1250.0,1316.0,1415.0,1443.0,1402.0,1371.0,1406.0,1294.0,1296.0,1324.0,1563.0,1831.0,2184.0,3041.0,3331.0,3947.0,3670.0,4330.0,5176.0,5234.0,5724.0,5391.0,4844.0,4755.0,4919.0,5194.0,5569.0
109,Mauritius,2596.0,2851.0,3211.0,3309.0,3673.0,4195.0,4337.0,4073.0,4114.0,4344.0,4663.0,4614.0,4841.0,5817.0,6579.0,6489.0,6732.0,7792.0,9641.0,8835.0,9718.0,11263.0,11446.0,11932.0,12613.0,11511.0,12150.0,13267.0,14277.0,14812.0
110,Mexico,298037.0,357292.0,414348.0,504022.0,527316.0,343814.0,397402.0,480557.0,502029.0,579452.0,683650.0,724691.0,741563.0,713283.0,770270.0,866346.0,966867.0,1043472.0,1101274.0,894950.0,1051128.0,1171185.0,1186602.0,1261983.0,1298404.0,1152266.0,1076914.0,1158229.0,1223359.0,1241450.0
111,Federated States of Micronesia,,,,,,222.0,219.0,207.0,219.0,221.0,234.0,241.0,243.0,246.0,241.0,251.0,254.0,257.0,264.0,280.0,297.0,311.0,326.0,316.0,318.0,315.0,323.0,363.0,374.0,383.0
112,Moldova,,,864.0,1110.0,1158.0,1441.0,1694.0,1928.0,1697.0,1172.0,1315.0,1481.0,1662.0,1981.0,2598.0,2988.0,3408.0,4401.0,6055.0,5438.0,5813.0,7018.0,7283.0,7985.0,7983.0,6496.0,6773.0,9670.0,11404.0,12037.0
113,Mongolia,3131.0,3297.0,1831.0,902.0,1082.0,1697.0,1573.0,1380.0,1314.0,1236.0,1329.0,1485.0,1634.0,1864.0,2317.0,2930.0,4084.0,5370.0,8084.0,5976.0,7185.0,10410.0,12293.0,12582.0,12196.0,11718.0,11053.0,11434.0,13038.0,13696.0
114,Montenegro,,,,,,,,,,,985.0,1160.0,1285.0,1708.0,2076.0,2261.0,2698.0,3674.0,4541.0,4152.0,4147.0,4543.0,4090.0,4466.0,4595.0,4022.0,4376.0,4854.0,5402.0,5443.0
115,Morocco,30180.0,32286.0,33712.0,31656.0,35605.0,39029.0,43162.0,39147.0,41806.0,41632.0,38859.0,39460.0,42238.0,52064.0,59626.0,62343.0,68641.0,79041.0,92507.0,92897.0,93217.0,101371.0,98266.0,106826.0,109881.0,100593.0,103607.0,109824.0,118309.0,121350.0
116,Mozambique,4130.0,3217.0,2177.0,2265.0,2458.0,2524.0,3468.0,4110.0,4718.0,5167.0,4667.0,4567.0,4977.0,5549.0,6749.0,7595.0,8304.0,9466.0,11555.0,11243.0,10457.0,13131.0,15178.0,16013.0,16872.0,14807.0,11272.0,12586.0,14428.0,15372.0
117,Myanmar,,,,,,,,,7441.0,9777.0,10259.0,7462.0,7808.0,12058.0,12173.0,13809.0,16707.0,23250.0,34490.0,37998.0,49541.0,59977.0,59731.0,60133.0,65575.0,59539.0,63251.0,66721.0,68559.0,65665.0
118,Namibia,2838.0,2854.0,3014.0,2891.0,3254.0,3503.0,3494.0,3636.0,3215.0,3384.0,3911.0,3550.0,3369.0,4932.0,6617.0,7258.0,7984.0,8730.0,8496.0,8915.0,11281.0,12423.0,13016.0,12720.0,12864.0,11497.0,10945.0,13249.0,13824.0,13961.0
119,Nauru,,,,,,,,,,,,,,,31.0,31.0,28.0,20.0,39.0,44.0,49.0,73.0,104.0,109.0,117.0,100.0,102.0,114.0,117.0,114.0
120,Nepal,3894.0,4261.0,3872.0,4158.0,4344.0,4716.0,4861.0,5284.0,5253.0,5404.0,5731.0,5891.0,5976.0,6328.0,7274.0,8180.0,9044.0,10325.0,12545.0,12855.0,16002.0,19011.0,18852.0,19270.0,19995.0,21314.0,21132.0,24880.0,28812.0,28922.0
121,Netherlands,314016.0,323511.0,358001.0,348101.0,373918.0,446932.0,445845.0,412717.0,433086.0,442555.0,414018.0,426940.0,467016.0,572958.0,651416.0,679695.0,727287.0,840583.0,940665.0,860108.0,837949.0,894576.0,829406.0,866951.0,881033.0,758381.0,777548.0,832239.0,912899.0,914003.0
122,New Zealand,45774.0,43579.0,41596.0,44799.0,52873.0,62212.0,69065.0,68887.0,56781.0,58847.0,54138.0,53105.0,62047.0,82470.0,101582.0,113204.0,109764.0,134947.0,135525.0,121733.0,145309.0,167128.0,175062.0,186810.0,199028.0,173347.0,185380.0,200317.0,203404.0,210475.0
123,Nicaragua,519.0,3678.0,3894.0,3726.0,3861.0,4140.0,4308.0,4390.0,4635.0,4856.0,5109.0,5335.0,5224.0,5322.0,5793.0,6321.0,6786.0,7458.0,8491.0,8379.0,8741.0,9756.0,10439.0,10875.0,11790.0,12693.0,13230.0,13814.0,13258.0,12612.0
124,Niger,2480.0,2328.0,2345.0,2221.0,1563.0,1756.0,1880.0,1733.0,1981.0,1916.0,1671.0,1815.0,2073.0,2645.0,2901.0,3375.0,3650.0,4290.0,5429.0,5411.0,5729.0,6415.0,6946.0,7670.0,8258.0,7175.0,7531.0,8136.0,9226.0,9724.0
125,Nigeria,62165.0,60131.0,52275.0,56807.0,80128.0,132230.0,172686.0,187866.0,209677.0,57477.0,67824.0,73128.0,93983.0,102935.0,130345.0,169645.0,222791.0,262215.0,330260.0,297458.0,369062.0,414095.0,460952.0,514965.0,568496.0,493841.0,405442.0,376361.0,397270.0,444916.0
126,Norway,119796.0,121903.0,130892.0,120267.0,127094.0,152047.0,163520.0,161374.0,154180.0,162316.0,171333.0,174017.0,195423.0,227620.0,264199.0,308679.0,345393.0,400886.0,461946.0,386382.0,428527.0,498157.0,509705.0,522746.0,498340.0,386579.0,371064.0,399489.0,434937.0,427041.0
127,Oman,11686.0,11342.0,12452.0,12494.0,12919.0,13803.0,15277.0,15838.0,13997.0,15594.0,19508.0,19452.0,20143.0,21634.0,24764.0,31082.0,37216.0,42086.0,60906.0,48389.0,58642.0,67937.0,76689.0,78939.0,81034.0,69831.0,66824.0,70784.0,82243.0,79458.0
128,Pakistan,52429.0,59556.0,63727.0,67443.0,67998.0,79452.0,82969.0,81808.0,81487.0,82521.0,79705.0,77933.0,77937.0,89689.0,105607.0,118475.0,137236.0,152369.0,170853.0,167875.0,177166.0,213588.0,224384.0,231218.0,244361.0,271050.0,278592.0,304952.0,312570.0,284209.0
129,Palau,,,,,,,,,,,149.0,160.0,164.0,160.0,175.0,193.0,195.0,196.0,198.0,187.0,184.0,200.0,215.0,229.0,249.0,284.0,308.0,290.0,297.0,310.0
130,Panama,5632.0,6193.0,7040.0,7688.0,8198.0,8380.0,9881.0,10677.0,11575.0,12130.0,12304.0,12502.0,12994.0,13694.0,15013.0,16374.0,18145.0,20958.0,24522.0,26594.0,28917.0,34374.0,39955.0,44856.0,49166.0,52132.0,57821.0,62284.0,65206.0,70155.0
131,Papua New Guinea,4840.0,5693.0,6578.0,7477.0,8217.0,7273.0,7740.0,7398.0,5655.0,5160.0,5258.0,4610.0,4580.0,5584.0,6276.0,7312.0,8306.0,9439.0,11549.0,11550.0,14205.0,17953.0,21268.0,21144.0,21823.0,21195.0,22568.0,20334.0,21319.0,21453.0
132,Paraguay,4904.0,6984.0,7158.0,7249.0,7871.0,9062.0,9788.0,9965.0,9025.0,8393.0,8856.0,8496.0,7196.0,7691.0,9624.0,10738.0,13430.0,17856.0,24577.0,22347.0,27239.0,33716.0,33283.0,38585.0,40277.0,36164.0,36054.0,39009.0,41604.0,42352.0
133,Peru,28320.0,33988.0,35376.0,34329.0,43792.0,52139.0,54090.0,56911.0,54600.0,49378.0,51005.0,51613.0,54451.0,59045.0,66710.0,74970.0,87887.0,102187.0,121591.0,121019.0,148014.0,168772.0,189024.0,197866.0,203021.0,192391.0,195432.0,214128.0,225203.0,232080.0
134,Philippines,49095.0,50320.0,58695.0,60237.0,71003.0,82121.0,91792.0,91234.0,72207.0,82995.0,81023.0,76262.0,81358.0,83908.0,91371.0,103074.0,122211.0,149360.0,173603.0,168485.0,199591.0,224143.0,250092.0,271836.0,284829.0,292774.0,304906.0,313595.0,330846.0,356682.0
135,Poland,62084.0,80451.0,88713.0,90366.0,103683.0,139089.0,156684.0,157183.0,172050.0,167799.0,171276.0,190430.0,198679.0,217514.0,253709.0,304430.0,343272.0,429172.0,530170.0,436817.0,479161.0,528567.0,500836.0,524382.0,545053.0,477328.0,471216.0,526594.0,586015.0,593295.0
136,Portugal,79447.0,89913.0,108130.0,95149.0,99702.0,118223.0,122659.0,117248.0,124168.0,127633.0,118706.0,121650.0,134704.0,165280.0,189444.0,197642.0,208750.0,240502.0,263249.0,244364.0,238748.0,245120.0,216488.0,226144.0,229995.0,199182.0,205269.0,219748.0,238510.0,239473.0
137,Puerto Rico,30604.0,32287.0,34630.0,36923.0,39691.0,42647.0,45341.0,48187.0,54086.0,57841.0,61702.0,69669.0,72546.0,75834.0,80322.0,83915.0,87276.0,89524.0,93639.0,96386.0,98381.0,100352.0,101565.0,102450.0,102089.0,102906.0,105035.0,104219.0,104344.0,103506.0
138,Qatar,7360.0,6884.0,7646.0,7157.0,7374.0,8138.0,9059.0,11298.0,10255.0,12393.0,17760.0,17538.0,19364.0,23534.0,31734.0,44530.0,60882.0,79712.0,115270.0,97798.0,125122.0,167775.0,186834.0,198728.0,206225.0,164641.0,152469.0,166929.0,192450.0,193502.0
139,Romania,38762.0,29256.0,19906.0,26795.0,30571.0,36067.0,35921.0,35872.0,42815.0,36183.0,37466.0,40717.0,46174.0,59868.0,76217.0,99699.0,123534.0,171679.0,209664.0,168036.0,167986.0,186113.0,171662.0,191560.0,199543.0,177524.0,187807.0,211407.0,239851.0,244158.0
140,Russia,,,91941.0,197428.0,297487.0,336820.0,420966.0,435112.0,291230.0,210492.0,279033.0,329407.0,371213.0,462332.0,634999.0,820568.0,1063640.0,1396475.0,1784514.0,1313681.0,1638463.0,2031768.0,2170145.0,2230624.0,2063663.0,1365865.0,1283286.0,1578417.0,1630659.0,1610381.0
141,Rwanda,2491.0,1837.0,1950.0,1881.0,1195.0,1239.0,1343.0,1808.0,1931.0,1797.0,1718.0,1676.0,1668.0,1835.0,2091.0,2584.0,3151.0,3826.0,4863.0,5380.0,5774.0,6492.0,7316.0,7623.0,8010.0,8277.0,8475.0,9141.0,9511.0,10211.0
142,Samoa,177.0,172.0,188.0,193.0,154.0,236.0,251.0,273.0,279.0,255.0,264.0,266.0,282.0,333.0,408.0,474.0,503.0,554.0,667.0,586.0,639.0,739.0,801.0,805.0,804.0,804.0,786.0,840.0,881.0,902.0
143,San Marino,,,,,,,,,,,,,,,1880.0,1962.0,2095.0,2491.0,2765.0,2369.0,2143.0,2056.0,1802.0,1866.0,1848.0,1571.0,1565.0,1528.0,1638.0,1620.0
144,São Tomé and Príncipe,120.0,108.0,96.0,127.0,132.0,104.0,34.0,46.0,54.0,56.0,58.0,72.0,81.0,98.0,108.0,130.0,140.0,148.0,188.0,188.0,197.0,233.0,253.0,303.0,348.0,318.0,351.0,393.0,449.0,477.0
145,Saudi Arabia,117473.0,132047.0,136905.0,132791.0,134995.0,143152.0,158451.0,165742.0,146775.0,161717.0,189515.0,184137.0,189606.0,215808.0,258742.0,328206.0,376398.0,415687.0,519797.0,429098.0,526811.0,671239.0,735975.0,746647.0,756350.0,654270.0,644935.0,688586.0,782483.0,762259.0
146,Senegal,7237.0,7111.0,7602.0,7189.0,4908.0,6177.0,6413.0,5915.0,6404.0,6521.0,5965.0,6179.0,6773.0,8698.0,10178.0,11041.0,11858.0,14307.0,17029.0,16290.0,16245.0,17895.0,17835.0,18966.0,19802.0,17777.0,18982.0,21135.0,24027.0,25320.0
147,Serbia,,,,,,,,,,,9312.0,12313.0,16177.0,21219.0,24743.0,26075.0,30721.0,40499.0,49165.0,42611.0,39035.0,46488.0,40734.0,45520.0,44211.0,37160.0,38300.0,44120.0,50651.0,52424.0
148,Seychelles,369.0,374.0,434.0,474.0,486.0,508.0,503.0,563.0,608.0,623.0,615.0,622.0,698.0,706.0,839.0,919.0,1016.0,1034.0,967.0,847.0,970.0,1018.0,1060.0,1315.0,1349.0,1359.0,1429.0,1498.0,1573.0,1654.0
149,Sierra Leone,948.0,1138.0,992.0,1122.0,1331.0,1273.0,1374.0,1240.0,981.0,977.0,941.0,1084.0,1250.0,1380.0,1439.0,1649.0,1884.0,2159.0,2511.0,2454.0,2578.0,2942.0,3802.0,4916.0,5007.0,4543.0,3785.0,3748.0,3906.0,3998.0
150,Singapore,38900.0,45472.0,52130.0,60642.0,73776.0,87888.0,96403.0,100168.0,85715.0,86287.0,95837.0,89288.0,91942.0,97003.0,114184.0,127420.0,147795.0,179981.0,192231.0,192406.0,236420.0,275605.0,289168.0,302511.0,308155.0,296835.0,296966.0,336679.0,361109.0,372807.0
151,Slovakia,,,,13669.0,15772.0,19951.0,21579.0,21891.0,22804.0,20841.0,20691.0,21386.0,24854.0,34023.0,43121.0,49048.0,57402.0,77105.0,97030.0,89171.0,89668.0,98270.0,93466.0,98509.0,100919.0,87312.0,89806.0,95938.0,106585.0,109863.0
152,Slovenia,,,19200.0,16564.0,16783.0,21304.0,21493.0,20978.0,22147.0,22746.0,20446.0,20900.0,23603.0,29738.0,34504.0,36401.0,39621.0,48167.0,55853.0,50372.0,48103.0,51338.0,46284.0,47704.0,49609.0,42798.0,44727.0,48553.0,54242.0,55088.0
153,Solomon Islands,208.0,220.0,261.0,291.0,369.0,429.0,473.0,495.0,423.0,448.0,381.0,380.0,324.0,314.0,363.0,429.0,471.0,516.0,608.0,598.0,672.0,887.0,1025.0,1111.0,1154.0,1130.0,1235.0,1298.0,1424.0,1511.0
154,Somalia,,,,,,,,,,,,,,,,,,,,,,,,,,,6887.0,7382.0,7480.0,7903.0
155,South Africa,115533.0,123964.0,134557.0,134345.0,139804.0,155461.0,147701.0,152611.0,137686.0,136550.0,136453.0,121602.0,115748.0,175254.0,228931.0,257667.0,271812.0,299033.0,287095.0,297221.0,375304.0,416879.0,396346.0,367772.0,351571.0,314732.0,295678.0,349433.0,368135.0,371298.0
156,South Sudan,,,,,,,,,,,,,,,,,,,,,,17186.0,11267.0,14940.0,15100.0,12485.0,3056.0,2949.0,3929.0,3151.0
157,Spain,533945.0,575184.0,628611.0,528008.0,529824.0,612413.0,638500.0,587967.0,616957.0,634384.0,597149.0,626514.0,707642.0,908588.0,1071007.0,1159257.0,1265661.0,1481393.0,1642738.0,1502876.0,1434257.0,1489381.0,1336685.0,1362202.0,1378042.0,1193556.0,1237766.0,1316951.0,1425865.0,1429140.0
158,Sri Lanka,9468.0,10367.0,11176.0,11948.0,13781.0,14635.0,16051.0,17888.0,18430.0,18532.0,19371.0,18610.0,19585.0,21621.0,23655.0,27945.0,32359.0,37043.0,46602.0,48113.0,56710.0,65267.0,68419.0,74464.0,80007.0,81247.0,80978.0,87351.0,88223.0,84164.0
159,Saint Kitts and Nevis,203.0,201.0,223.0,243.0,272.0,293.0,312.0,351.0,366.0,389.0,420.0,461.0,483.0,465.0,503.0,543.0,636.0,674.0,739.0,723.0,705.0,753.0,734.0,788.0,848.0,876.0,900.0,992.0,1019.0,1058.0
160,Saint Lucia,484.0,514.0,567.0,575.0,600.0,640.0,662.0,677.0,738.0,776.0,784.0,744.0,748.0,824.0,893.0,951.0,1063.0,1151.0,1187.0,1181.0,1242.0,1281.0,1299.0,1318.0,1386.0,1431.0,1643.0,1810.0,1874.0,1971.0
161,Saint Vincent and the Grenadines,240.0,255.0,278.0,286.0,289.0,316.0,331.0,348.0,374.0,391.0,396.0,430.0,462.0,482.0,522.0,551.0,611.0,678.0,695.0,675.0,681.0,676.0,693.0,721.0,728.0,738.0,775.0,785.0,826.0,864.0
162,Sudan,2444.0,2752.0,3375.0,5712.0,6490.0,7288.0,9120.0,11742.0,11308.0,10676.0,13134.0,15716.0,18137.0,21355.0,26646.0,35183.0,45264.0,59440.0,64833.0,59840.0,74540.0,75410.0,67694.0,56085.0,62319.0,64059.0,57649.0,45677.0,33903.0,31468.0
163,Suriname,539.0,594.0,551.0,434.0,488.0,927.0,1153.0,1235.0,1483.0,1222.0,1266.0,1090.0,1376.0,1615.0,1868.0,2235.0,2626.0,2936.0,3533.0,3876.0,4368.0,4422.0,4980.0,5146.0,5241.0,4879.0,3278.0,3069.0,3427.0,3683.0
164,Eswatini,1230.0,1292.0,1442.0,1479.0,1608.0,1951.0,1858.0,1986.0,1833.0,1810.0,1797.0,1602.0,1476.0,2266.0,2859.0,3245.0,3351.0,3526.0,3356.0,3648.0,4498.0,4878.0,4755.0,4420.0,4301.0,3929.0,3848.0,5813.0,6721.0,7718.0
165,Sweden,255950.0,268677.0,279568.0,209982.0,226113.0,264089.0,288134.0,264510.0,266829.0,270735.0,259839.0,239957.0,263940.0,331109.0,381743.0,389043.0,420017.0,487818.0,513966.0,429656.0,488378.0,563110.0,543881.0,578742.0,573818.0,495694.0,514460.0,535607.0,551135.0,547123.0
166,Switzerland,257544.0,260542.0,271053.0,263445.0,291883.0,341958.0,329762.0,286673.0,294750.0,289600.0,271852.0,278821.0,301321.0,352356.0,393038.0,407592.0,429477.0,477784.0,552287.0,540966.0,503000.0,465000.0,452000.0,551000.0,561000.0,575000.0,640765.0,676000.0,700000.0,742000.0
167,Syria,12303.0,12738.0,13263.0,13796.0,15105.0,16556.0,17761.0,16573.0,16144.0,16785.0,19861.0,20979.0,22758.0,21702.0,25204.0,28881.0,33824.0,40488.0,52631.0,53939.0,60043.0,,,,,,,,,
168,Taiwan,166845.0,187351.0,223123.0,235166.0,256438.0,279270.0,292681.0,303706.0,280407.0,304174.0,331407.0,300223.0,308883.0,318364.0,348407.0,375787.0,388547.0,408221.0,417038.0,392106.0,446141.0,485671.0,495919.0,511599.0,530515.0,525236.0,530608.0,574895.0,589391.0,601431.0
169,Tajikistan,,,291.0,678.0,829.0,569.0,1052.0,1121.0,1320.0,1087.0,991.0,1057.0,1212.0,1555.0,2073.0,2311.0,2811.0,3712.0,5135.0,4977.0,5642.0,6523.0,7592.0,8506.0,9242.0,7857.0,6953.0,7144.0,7520.0,7698.0
170,Tanzania,3430.0,4031.0,3700.0,3412.0,3627.0,4251.0,5311.0,6415.0,9454.0,11624.0,12423.0,12743.0,13216.0,14178.0,15547.0,16930.0,18610.0,21502.0,27368.0,28574.0,31086.0,33583.0,39088.0,44414.0,48256.0,45634.0,47653.0,53271.0,57862.0,61032.0
171,Thailand,88467.0,101247.0,115576.0,128890.0,146684.0,169279.0,183035.0,150180.0,113676.0,126669.0,126392.0,120297.0,134301.0,152281.0,172895.0,189318.0,221759.0,262943.0,291383.0,281710.0,341105.0,370818.0,397560.0,420529.0,406521.0,399205.0,411847.0,455322.0,487239.0,516662.0
172,Timor-Leste,,,,,,,,,,,444.0,494.0,483.0,503.0,1102.0,1846.0,2819.0,2903.0,4487.0,3391.0,4267.0,5973.0,6809.0,5641.0,4175.0,2874.0,2521.0,2778.0,3090.0,3145.0
173,Togo,1789.0,1768.0,1854.0,1413.0,1095.0,1446.0,1581.0,1610.0,1524.0,1529.0,1299.0,1334.0,1481.0,1677.0,1940.0,2117.0,2221.0,2527.0,3174.0,3171.0,3179.0,3759.0,3918.0,4322.0,4612.0,4165.0,4460.0,4795.0,5358.0,5592.0
174,Tonga,148.0,177.0,184.0,190.0,196.0,211.0,229.0,227.0,219.0,200.0,191.0,182.0,192.0,215.0,245.0,278.0,297.0,324.0,333.0,343.0,395.0,447.0,461.0,446.0,439.0,414.0,413.0,455.0,470.0,493.0
175,Trinidad and Tobago,5068.0,5308.0,5440.0,4669.0,4947.0,5329.0,5760.0,5738.0,6044.0,6808.0,8154.0,8825.0,9008.0,11305.0,13280.0,15982.0,18369.0,21642.0,27870.0,19175.0,22158.0,25433.0,25694.0,26436.0,26176.0,23559.0,22296.0,22053.0,22311.0,22438.0
176,Tunisia,13474.0,14202.0,16978.0,15944.0,17052.0,19654.0,21283.0,20747.0,21803.0,22943.0,21473.0,22066.0,23142.0,27454.0,31184.0,32272.0,34377.0,38910.0,44840.0,43624.0,44054.0,45810.0,45044.0,46253.0,47605.0,43156.0,42074.0,39956.0,39911.0,36204.0
177,Turkey,207115.0,208389.0,218928.0,248304.0,179202.0,233293.0,250268.0,261800.0,276016.0,256481.0,273085.0,200305.0,238342.0,311944.0,404855.0,501165.0,550798.0,675008.0,764639.0,644467.0,772294.0,832497.0,873696.0,950328.0,934072.0,859449.0,863390.0,851521.0,766428.0,706237.0
178,Turkmenistan,,,951.0,5363.0,4542.0,5874.0,2379.0,2681.0,2862.0,3857.0,5022.0,6933.0,8700.0,11424.0,14196.0,17174.0,21393.0,25962.0,21516.0,20214.0,22583.0,29233.0,35164.0,39198.0,43524.0,36047.0,36180.0,37926.0,44114.0,50346.0
179,Tuvalu,,,,,,,,,,,14.0,13.0,16.0,18.0,22.0,22.0,23.0,27.0,31.0,28.0,32.0,39.0,40.0,38.0,37.0,33.0,37.0,40.0,45.0,49.0
180,Uganda,5743.0,3004.0,2809.0,3323.0,4809.0,5760.0,5944.0,6480.0,6343.0,6029.0,5978.0,6039.0,6494.0,6724.0,8285.0,9603.0,10851.0,13497.0,17279.0,18579.0,20212.0,21108.0,24790.0,26135.0,28522.0,25112.0,25307.0,26456.0,28122.0,30368.0
181,Ukraine,,,22193.0,35025.0,38012.0,38275.0,46083.0,51867.0,43315.0,32661.0,32331.0,39309.0,43956.0,52010.0,67226.0,89282.0,111885.0,148734.0,188240.0,121552.0,136011.0,163161.0,175707.0,179572.0,132343.0,90939.0,93263.0,112125.0,124603.0,134887.0
182,United Arab Emirates,49090.0,49821.0,52208.0,53438.0,57450.0,63637.0,70991.0,76171.0,73394.0,82865.0,103893.0,103312.0,109816.0,124346.0,147824.0,180617.0,222117.0,257916.0,315475.0,253547.0,286187.0,348528.0,373432.0,388598.0,401958.0,357949.0,348743.0,382575.0,424635.0,427876.0
183,United Kingdom,1182997.0,1235086.0,1273729.0,1139199.0,1220824.0,1320618.0,1394478.0,1537558.0,1623794.0,1652539.0,1638702.0,1613588.0,1760454.0,2030626.0,2390268.0,2511165.0,2682213.0,3064351.0,2898941.0,2377160.0,2431169.0,2611108.0,2655458.0,2721489.0,3002394.0,2863304.0,2660687.0,2639974.0,2828644.0,2829163.0
184,United States,5979575.0,6174050.0,6539300.0,6878700.0,7308775.0,7664050.0,8100175.0,8608525.0,9089150.0,9660625.0,10284750.0,10621825.0,10977525.0,11510675.0,12274925.0,13093700.0,13855900.0,14477625.0,14718575.0,14418725.0,14964400.0,15517925.0,16155250.0,16691500.0,17393100.0,18120700.0,18624450.0,19485400.0,20494050.0,21344667.0
185,Uruguay,10270.0,12376.0,14223.0,16568.0,19299.0,21312.0,22657.0,23974.0,25394.0,23995.0,22832.0,20907.0,13632.0,12067.0,13708.0,17398.0,19620.0,23461.0,30366.0,31661.0,40285.0,47962.0,51266.0,57531.0,57236.0,53107.0,52420.0,59180.0,60180.0,60231.0
186,Uzbekistan,,,3571.0,5502.0,6521.0,10168.0,13922.0,14705.0,14948.0,17041.0,13717.0,11632.0,9657.0,10129.0,12001.0,14310.0,17027.0,22307.0,28605.0,33461.0,38963.0,45418.0,51185.0,57170.0,63179.0,65403.0,66693.0,48826.0,41241.0,49199.0
187,Vanuatu,169.0,201.0,209.0,200.0,234.0,249.0,261.0,273.0,262.0,268.0,272.0,258.0,263.0,314.0,365.0,395.0,439.0,526.0,608.0,610.0,701.0,792.0,782.0,802.0,815.0,738.0,798.0,870.0,928.0,942.0
188,Venezuela,48391.0,53382.0,60400.0,59865.0,58357.0,77427.0,70536.0,85667.0,91905.0,97239.0,117676.0,123156.0,95570.0,83670.0,112189.0,143290.0,177531.0,221817.0,289741.0,237294.0,294282.0,334069.0,331457.0,228017.0,215296.0,260089.0,236116.0,143841.0,98468.0,76458.0
189,Vietnam,6472.0,7642.0,9867.0,13181.0,16312.0,20798.0,24692.0,26892.0,27234.0,28702.0,31176.0,32524.0,35097.0,39563.0,49520.0,57648.0,66393.0,77520.0,98269.0,101634.0,112771.0,134576.0,155483.0,170444.0,185759.0,191288.0,201309.0,220376.0,241272.0,260301.0
190,Yemen,12644.0,14665.0,17959.0,21737.0,28019.0,12796.0,6496.0,6838.0,6322.0,7639.0,9679.0,9853.0,10693.0,11778.0,13868.0,16732.0,19063.0,21651.0,26911.0,25130.0,30907.0,32726.0,35401.0,40415.0,43229.0,37734.0,20901.0,26819.0,26914.0,29079.0
191,Zambia,4085.0,3690.0,3614.0,3549.0,3657.0,3799.0,3599.0,4303.0,3538.0,3405.0,3601.0,4094.0,4194.0,4902.0,6221.0,8332.0,12757.0,14057.0,17911.0,15328.0,20265.0,23460.0,25504.0,28046.0,27151.0,21243.0,20941.0,25868.0,25179.0,24615.0
192,Zimbabwe,8780.0,8180.0,6746.0,6552.0,6889.0,7152.0,8758.0,8990.0,10572.0,10275.0,9896.0,9743.0,9294.0,8196.0,8135.0,7753.0,7180.0,6946.0,5949.0,8157.0,9445.0,10956.0,12472.0,13490.0,14197.0,14171.0,16117.0,21890.0,26127.0,22290.0
